key,key:project,key:user-story
project-user-story-01,project-01,user-story-01
project-user-story-02,project-03,user-story-07
project-user-story-03,project-05,user-story-08
project-user-story-04,project-14,user-story-04
project-user-story-05,project-17,user-story-09
project-user-story-06,project-07,user-story-15
project-user-story-07,project-11,user-story-12
project-user-story-08,project-19,user-story-26
project-user-story-09,project-10,user-story-10
project-user-story-10,project-21,user-story-16
project-user-story-11,project-14,user-story-04
project-user-story-12,project-23,user-story-11
project-user-story-13,project-20,user-story-24
project-user-story-14,project-03,user-story-07
project-user-story-15,project-18,user-story-12
project-user-story-16,project-23,user-story-22